job id,Job Link,Title,Matched Words,Missing Words
4218763680,https://eg.linkedin.com/jobs/view/sde-i-12-months-contract-mena-tech-at-amazon-4218763680?position=1&pageNum=0&refId=RvqfN84G%2BE1ELah6YAArTg%3D%3D&trackingId=96o%2B8sgYPJBm2nP3MnTzBg%3D%3D,"SDE I - (12 months Contract), MENA TECH","['java', 'javascript', 'continuous', 'application', 'software', 'computer', 'algorithm', 'technical']","['sde', 'xmlns', 'height', 'workplace', 'e', 'd', 'efficient', 'isn', 'ftc', 'python', 'en', 't', 'implementation', 'responsible', 'east', 'br', 'souq', 'www', 'accommodation', 'g', 'html', 'deployment', 'science', 'adherence', 'technology', 'git', 'entry', 's', 'false', 'proficiency', 'integral', 'div', 'north', 'btn', 'previous', 'ides', 'onboarding', 'ability', 'aria', 'automation', 'jor', 'id', 'if', 'lazy', 'procedure', 'svg', 'payroll', 'ml', 'width', 'configuration', 'currentcolor', 'seasonal', 'system', 'complex', 'li', 'applicable', 'llc', 'manner', 'such', 'functionality', 'amazon', 'seller', 'principle', 'amp', 'amazonians', 'closely', 'preserveaspectratio', 'less', 'relative', 'effectively', 'architecting', 'com', 'concept', 'stakeholder', 'org', 'timely', 'icon', 'africa', 'adjustment', 'maintainable', 'c', 'xminymin', 'clearly', 'focusable']"
4209766359,https://eg.linkedin.com/jobs/view/junior-software-engineer-at-halan-%D8%AD%D8%A7%D9%84%D8%A7-4209766359?position=2&pageNum=0&refId=RvqfN84G%2BE1ELah6YAArTg%3D%3D&trackingId=O7rTXJ%2FG57QRbXLw3fhVnQ%3D%3D,Junior Software Engineer,"['cd', 'apis', 'typescript', 'application', 'database', 'software', 'j', 'nosql', 'docker', 'pipeline', 'sql', 'ci']","['xmlns', 'golang', 'lazy', 'height', 'svg', 'ml', 'width', 'exposure', 'currentcolor', 'p', 'modern', 'frontend', 'd', 'responsive', 'interface', 'backend', 'maintenance', 'www', 'interactive', 'html', 'preserveaspectratio', 'less', 'technology', 'git', 'relative', 'false', 'org', 'div', 'icon', 'btn', 'maintainable', 'xminymin', 'focusable', 'aria']"
4225398031,https://eg.linkedin.com/jobs/view/software-engineer-backend-remote-at-lucidya-%D9%84%D9%88%D8%B3%D9%8A%D8%AF%D9%8A%D8%A7-4225398031?position=3&pageNum=0&refId=RvqfN84G%2BE1ELah6YAArTg%3D%3D&trackingId=3%2BqtUFS4%2F1lJLL0yS5Sl3A%3D%3D,Software Engineer - Backend (Remote),"['apis', 'devops', 'developer', 'application', 'database', 'software', 'computer', 'nosql', 'sql']","['effort', 'learner', 'xmlns', 'height', 'cassandra', 'fluency', 'analytical', 'multi', 'e', 'd', 'python', 'equivalent', 'priority', 'br', 'apache', 'redis', 'backend', 'www', 'reactjs', 'particular', 'recovery', 'g', 'html', 'rapidly', 'technology', 'git', 's', 'false', 'practical', 'div', 'directly', 'btn', 'latest', 'ability', 'yet', 'aria', 'ruby', 'repository', 'jetty', 'lazy', 'organizational', 'svg', 'ml', 'width', 'currentcolor', 'b', 'deliverable', 'server', 'system', 'li', 'tomcat', 'such', 'postgress', 'maintenance', 'amp', 'preserveaspectratio', 'less', 'relative', 'org', 'big', 'icon', 'postgres', 'xminymin', 'lucidya', 'flexible', 'science', 'tight', 'focusable', 'talented']"
4169382088,https://eg.linkedin.com/jobs/view/graduate-associate-engineer-saas-tech-at-oracle-4169382088?position=4&pageNum=0&refId=RvqfN84G%2BE1ELah6YAArTg%3D%3D&trackingId=rEZWHZNnuEVAwG%2BFqR3hLg%3D%3D,Graduate Associate Engineer - SaaS Tech,"['java', 'continuous', 'application', 'c', 'database', 'software', 'computer', 'across', 'sql', 'technical']","['sexual', 'height', 'resource', 'government', 'diversity', 'natural', 'analyst', 'analytical', 'early', 'reimagining', 'd', 'iti', 'omqs', 'diploma', 'vb', 'br', 'asp', 'r', 'almost', 'saas', 'technology', 'false', 'acumen', 'pursuant', 'online', 'door', 'btn', 'annual', 'largest', 'nyse', 'visualization', 'personal', 'enthusiasm', 'june', 'ai', 'if', 'consistency', 'lazy', 'so', 'energy', 'width', 'inclusion', 'no', 'currentcolor', 'professionalism', 'ever', 'military', 'system', 'complex', 'applicable', 'many', 'progression', 'such', 'informatics', 'assistance', 'preserveaspectratio', 'parity', 'less', 'relative', 'effectively', 'com', 'concept', 'identity', 'expertise', 'conviction', 'characteristic', 'icon', 'nonprofit', 'sector', 'c', 'flexible', 'clearly', 'xmlns', 'workplace', 'inside', 'senior', 'json', 'variety', 'platform', 'kind', 'biggest', 'python', 'connection', 'veteran', 'orcl', 't', 'mental', 'implementation', 'www', 'overall', 'accommodation', 'html', 'retirement', 's', 'industrial', 'consideration', 'div', 'additional', 'without', 'either', 'ability', 'religion', 'aria', 'oracle', 'planet', 'assistant', 'fresh', 'accessibility', 'svg', 'ethic', 'ml', 'origin', 'awareness', 'gender', 'li', 'critical', 'buddy', 'transcript', 'employer', 'closely', 'org', 'option', 'u', 'tomorrow', 'xminymin', 'science', 'focusable', 'perspective']"
4169633882,https://eg.linkedin.com/jobs/view/graduate-associate-engineer-saas-tech-at-oracle-4169633882?position=5&pageNum=0&refId=RvqfN84G%2BE1ELah6YAArTg%3D%3D&trackingId=8NP2mUYmtrNXtcDmi1viqw%3D%3D,Graduate Associate Engineer - SaaS Tech,"['java', 'continuous', 'application', 'c', 'database', 'software', 'computer', 'sql', 'technical']","['sexual', 'xmlns', 'height', 'resource', 'government', 'diversity', 'natural', 'analyst', 'workplace', 'inside', 'analytical', 'senior', 'reimagining', 'json', 'variety', 'platform', 'kind', 'biggest', 'd', 'iti', 'python', 'omqs', 'connection', 'diploma', 'veteran', 'orcl', 't', 'vb', 'mental', 'implementation', 'br', 'asp', 'r', 'www', 'almost', 'accommodation', 'saas', 'html', 'science', 'technology', 'retirement', 's', 'industrial', 'false', 'acumen', 'pursuant', 'consideration', 'div', 'additional', 'online', 'door', 'btn', 'without', 'annual', 'either', 'largest', 'ability', 'religion', 'aria', 'nyse', 'oracle', 'visualization', 'personal', 'enthusiasm', 'planet', 'assistant', 'june', 'fresh', 'ai', 'if', 'accessibility', 'consistency', 'lazy', 'so', 'svg', 'energy', 'ethic', 'ml', 'width', 'inclusion', 'no', 'currentcolor', 'professionalism', 'origin', 'ever', 'awareness', 'military', 'system', 'gender', 'complex', 'li', 'applicable', 'many', 'progression', 'critical', 'buddy', 'such', 'informatics', 'assistance', 'transcript', 'employer', 'closely', 'preserveaspectratio', 'parity', 'less', 'relative', 'effectively', 'com', 'concept', 'identity', 'expertise', 'org', 'conviction', 'characteristic', 'icon', 'nonprofit', 'option', 'u', 'sector', 'c', 'tomorrow', 'xminymin', 'flexible', 'clearly', 'focusable', 'perspective']"
4221231899,https://eg.linkedin.com/jobs/view/junior-full-stack-engineer-net-core-angular-at-halan-%D8%AD%D8%A7%D9%84%D8%A7-4221231899?position=6&pageNum=0&refId=RvqfN84G%2BE1ELah6YAArTg%3D%3D&trackingId=64fM0a8ogIUt8y1Y1oCa0w%3D%3D,Junior Full-Stack Engineer (.NET Core & Angular),"['application', 'database', 'angular', 'software', 'security', 'docker', 'sql', 'technical', 'cd', 'apis', 'devops', 'kubernetes', 'oop', 'c', 'pipeline', 'typescript', 'ci']","['responsiveness', 'xmlns', 'height', 'idea', 'senior', 'p', 'd', 'responsible', 'ngrx', 'architecture', 'asp', 'backend', 'www', 'html', 'deployment', 'technology', 'git', 'skilled', 'false', 'proficiency', 'div', 'halan', 'btn', 'latest', 'entity', 'aria', 'automation', 'ha', 'microservices', 'kafka', 'testable', 'scalability', 'lazy', 'procedure', 'sure', 'svg', 'conception', 'ml', 'width', 'optimization', 'ddd', 'along', 'currentcolor', 'stability', 'rabbitmq', 'frontend', 'system', 'server', 'complex', 'principle', 'rxjs', 'cqrs', 'amp', 'closely', 'preserveaspectratio', 'less', 'relative', 'stakeholder', 'concept', 'org', 'icon', 'maintainable', 'xminymin', 'restful', 'focusable']"
4210142398,https://eg.linkedin.com/jobs/view/junior-aec-software-developer-at-talent-360-me-4210142398?position=7&pageNum=0&refId=RvqfN84G%2BE1ELah6YAArTg%3D%3D&trackingId=L3Bd9Zy2ZBFIVdmHEOPqZA%3D%3D,Junior AEC Software Developer,"['apis', 'integration', 'developer', 'microsoft', 'application', 'c', 'database', 'software', 'computer', 'sql', 'technical']","['microbim', 'thursday', 'autodesk', 'if', 'xmlns', 'wpf', 'height', 'lazy', 'navisworks', 'svg', 'ml', 'both', 'width', 'aec', 'currentcolor', 'programmer', 'pm', 'preferably', 'lookout', 'd', 'certification', 'li', 'revit', 'br', 'architecture', 'www', 'api', 'clearly', 'sunday', 'construction', 'amp', 'html', 'preserveaspectratio', 'less', 'relative', 's', 'false', 'proficiency', 'org', 'div', 'bim', 'ideally', 'icon', 'btn', 'customization', 'xminymin', 'consultancy', 'science', 'focusable', 'aria', 'talented']"
4215971017,https://eg.linkedin.com/jobs/view/python-developer-cairo-at-a3malouna-com-4215971017?position=8&pageNum=0&refId=RvqfN84G%2BE1ELah6YAArTg%3D%3D&trackingId=7C2jClx0qjs3d7gT4lQhSw%3D%3D,Python Developer Cairo,"['integration', 'apis', 'developer', 'database', 'software', 'computer', 'pipeline', 'nosql', 'mongodb', 'sql']","['flask', 'statistical', 'xmlns', 'height', 'resource', 'forum', 'both', 'professionally', 'fastapi', 'platform', 'd', 'python', 'especially', 'equivalent', 'br', 'interface', 'redis', 'www', 'api', 'skillset', 'html', 'deployment', 'technology', 'documentation', 'git', 'false', 'constantly', 'div', 'discussion', 'btn', 'previous', 'ability', 'aria', 'oracle', 'deep', 'visualization', 'promotion', 'testable', 'if', 'lazy', 'payroll', 'svg', 'public', 'ml', 'width', 'extra', 'currentcolor', 'intelligence', 'stability', 'human', 'b', 'player', 'behalf', 'system', 'production', 'rigorous', 'such', 'preserveaspectratio', 'less', 'relative', 'com', 'concept', 'external', 'wherewework', 'org', 'czech', 'icon', 'postgresql', 'xminymin', 'self', 'science', 'focusable']"
4223134854,https://eg.linkedin.com/jobs/view/software-developer-at-nile-university-nu-4223134854?position=9&pageNum=0&refId=RvqfN84G%2BE1ELah6YAArTg%3D%3D&trackingId=%2FH2G2HffLbiha77EgNQ7Jg%3D%3D,Software Developer,"['java', 'security', 'integration', 'developer', 'application', 'c', 'database', 'software', 'computer', 'pipeline', 'across', 'sql', 'technical', 'mysql']","['visualization', 'nu', 'dashboard', 'qlikview', 'ml', 'optimization', 'intelligence', 'e', 'aws', 'large', 'platform', 'efficient', 'dsoudy', 'custom', 'python', 'server', 'system', 'complex', 'li', 'specific', 'bi', 'br', 'apache', 'such', 'particularly', 'analytics', 'etl', 'g', 'talend', 'html', 'successful', 'operation', 'nile', 'less', 'technology', 'edu', 'stakeholder', 'documentation', 'skilled', 's', 'accuracy', 'false', 'relative', 'effectively', 'proficiency', 'tableau', 'concept', 'div', 'higher', 'expertise', 'technique', 'nifi', 'icon', 'btn', 'ssis', 'eg', 'science', 'ability', 'aria', 'oracle']"
4143297316,https://eg.linkedin.com/jobs/view/software-engineer-at-brightly-software-4143297316?position=10&pageNum=0&refId=RvqfN84G%2BE1ELah6YAArTg%3D%3D&trackingId=v1R72QJjppxKYb3q3DOY0Q%3D%3D,Software Engineer,"['application', 'database', 'angular', 'software', 'j', 'algorithm', 'sql', 'technical', 'digital', 'javascript', 'continuous', 'integration', 'cd', 'apis', 'devops', 'across', 'c', 'computer', 'typescript', 'ui', 'ci']","['globally', 'performant', 'sme', 'svn', 'partnership', 'kanban', 'xmlns', 'height', 'diversity', 'lifecycle', 'cypress', 'exposure', 'aws', 'powerhouse', 'translation', 'xunit', 'd', 'foundation', 'equality', 'implementation', 'br', 'asp', 'priority', 'discovery', 'www', 'owner', 'html', 'deployment', 'science', 'incident', 'technology', 'git', 'empirical', 's', 'false', 'contribution', 'solutioning', 'substantive', 'brightly', 'div', 'common', 'north', 'btn', 'exception', 'ux', 'aria', 'automation', 'deep', 'personal', 'ha', 'metric', 'repository', 'feedback', 'lazy', 'nunit', 'co', 'excellence', 'svg', 'constraint', 'technically', 'width', 'ml', 'optimization', 'component', 'currentcolor', 'quickly', 'studio', 'soa', 'siemens', 'ahead', 'server', 'system', 'complexity', 'production', 'certification', 'architect', 'li', 'special', 'collection', 'mentality', 'curiosity', 'm', 'principle', 'employer', 'amp', 'participation', 'visual', 'resolution', 'preserveaspectratio', 'unlawfully', 'less', 'prior', 'day', 'relative', 'effectively', 'jasmine', 'meetups', 'org', 'driver', 'feasible', 'icon', 'u', 'micro', 'maintainable', 'tomorrow', 'xminymin', 'comprehensive', 'flexible', 'able', 'america', 'focusable', 'generous']"
4215368522,https://eg.linkedin.com/jobs/view/full-stack-engineer-at-nawy-4215368522?position=11&pageNum=0&refId=RvqfN84G%2BE1ELah6YAArTg%3D%3D&trackingId=UAUXT2KwoZ3AQKyOHs%2Bxiw%3D%3D,Full Stack Engineer,"['javascript', 'apis', 'designer', 'application', 'fundamental', 'database', 'software', 'j', 'node', 'technical', 'mysql']","['responsiveness', 'graphic', 'lazy', 'height', 'xmlns', 'svg', 'ml', 'both', 'conception', 'width', 'optimization', 'currentcolor', 'p', 'platform', 'd', 'server', 'li', 'br', 'such', 'architecture', 'functionality', 'www', 'html', 'preserveaspectratio', 'less', 'technology', 'relative', 'arabic', 'false', 'proficiency', 'org', 'div', 'consumer', 'verbal', 'icon', 'btn', 'c', 'alongside', 'postgresql', 'xminymin', 'website', 'focusable', 'aria', 'ruby']"
4208185803,https://eg.linkedin.com/jobs/view/full-stack-developer-at-axis-4208185803?position=12&pageNum=0&refId=RvqfN84G%2BE1ELah6YAArTg%3D%3D&trackingId=RbhuwpAXMZcbpmzjbQQ%2Fhg%3D%3D,Full stack Developer,"['java', 'application', 'database', 'software', 'j', 'node', 'security', 'technical', 'digital', 'javascript', 'nestjs', 'developer', 'across', 'nosql', 'typescript', 'mongodb']","['xmlns', 'axis', 'height', 'p', 'platform', 'd', 'nextjs', 'architecture', 'br', 'backend', 'proficient', 'www', 'api', 'springboot', 'html', 'actively', 'small', 'technology', 'adherence', 'wallet', 'documentation', 's', 'false', 'secondarily', 'div', 'online', 'btn', 'focusable', 'instantly', 'aria', 'microservices', 'virtual', 'lazy', 'svg', 'qr', 'ml', 'essential', 'width', 'currentcolor', 'preferably', 'primarily', 'supplier', 'benchmark', 'system', 'anything', 'production', 'li', 'payment', 'responsive', 'vuejs', 'principle', 'amp', 'preserveaspectratio', 'less', 'relative', 'effectively', 'money', 'org', 'fintech', 'icon', 'xminymin', 'intuitive', 'seamlessly', 'restful', 'interoperable']"
4225398506,https://eg.linkedin.com/jobs/view/front-end-developer-at-ssc-hr-solutions-4225398506?position=13&pageNum=0&refId=RvqfN84G%2BE1ELah6YAArTg%3D%3D&trackingId=o7wuNLo747Uc9q7nP5Rs3g%3D%3D,Front End Developer,"['application', 'angular', 'apis', 'across', 'technical', 'developer']","['deep', 'xmlns', 'lazy', 'height', 'thorough', 'svg', 'device', 'markup', 'ml', 'essential', 'width', 'idiomatic', 'component', 'currentcolor', 'frontend', 'platform', 'd', 'li', 'compatibility', 'template', 'implementation', 'responsible', 'responsive', 'br', 'www', 'reusable', 'html', 'preserveaspectratio', 'less', 'relative', 'false', 'concept', 'org', 'div', 'method', 'animation', 'icon', 'btn', 'module', 'c', 'xminymin', 'primary', 'focusable', 'aria']"
4144130346,https://eg.linkedin.com/jobs/view/software-engineer-at-siemens-digital-industries-software-4144130346?position=14&pageNum=0&refId=RvqfN84G%2BE1ELah6YAArTg%3D%3D&trackingId=txqhWC3QUZ0k%2BEoURqbwzw%3D%3D,Software Engineer,"['application', 'database', 'angular', 'software', 'j', 'algorithm', 'sql', 'technical', 'digital', 'javascript', 'continuous', 'integration', 'cd', 'apis', 'devops', 'across', 'c', 'computer', 'typescript', 'ui', 'ci']","['globally', 'performant', 'sme', 'svn', 'partnership', 'kanban', 'xmlns', 'height', 'diversity', 'lifecycle', 'cypress', 'exposure', 'aws', 'powerhouse', 'translation', 'xunit', 'd', 'foundation', 'equality', 'implementation', 'br', 'asp', 'priority', 'discovery', 'www', 'owner', 'html', 'deployment', 'science', 'incident', 'technology', 'git', 'empirical', 's', 'false', 'contribution', 'solutioning', 'substantive', 'brightly', 'div', 'common', 'north', 'btn', 'exception', 'ux', 'aria', 'automation', 'deep', 'personal', 'ha', 'metric', 'repository', 'feedback', 'lazy', 'nunit', 'co', 'excellence', 'svg', 'constraint', 'technically', 'width', 'ml', 'optimization', 'component', 'currentcolor', 'quickly', 'studio', 'soa', 'siemens', 'ahead', 'server', 'system', 'complexity', 'production', 'certification', 'architect', 'li', 'special', 'collection', 'mentality', 'curiosity', 'm', 'principle', 'employer', 'amp', 'participation', 'visual', 'resolution', 'preserveaspectratio', 'unlawfully', 'less', 'prior', 'day', 'relative', 'effectively', 'jasmine', 'meetups', 'org', 'driver', 'feasible', 'icon', 'u', 'micro', 'maintainable', 'tomorrow', 'xminymin', 'comprehensive', 'flexible', 'able', 'america', 'focusable', 'generous']"
4225544322,https://eg.linkedin.com/jobs/view/full-stack-developer-at-nawy-4225544322?position=15&pageNum=0&refId=RvqfN84G%2BE1ELah6YAArTg%3D%3D&trackingId=2B5VKxR8hJuu5lW6awvksg%3D%3D,Full Stack Developer,"['javascript', 'apis', 'designer', 'developer', 'application', 'fundamental', 'database', 'software', 'j', 'node', 'technical', 'mysql']","['responsiveness', 'graphic', 'lazy', 'height', 'xmlns', 'svg', 'ml', 'both', 'conception', 'width', 'optimization', 'currentcolor', 'platform', 'd', 'server', 'li', 'architecture', 'such', 'br', 'functionality', 'www', 'html', 'preserveaspectratio', 'less', 'technology', 'relative', 'arabic', 'false', 'proficiency', 'org', 'div', 'consumer', 'verbal', 'icon', 'btn', 'c', 'alongside', 'postgresql', 'xminymin', 'website', 'focusable', 'aria', 'ruby']"
4173414417,https://eg.linkedin.com/jobs/view/graduate-associate-engineer-oracle-paas-ai-at-oracle-4173414417?position=16&pageNum=0&refId=RvqfN84G%2BE1ELah6YAArTg%3D%3D&trackingId=BjPylWHwoula7GGa0PpMWg%3D%3D,Graduate Associate Engineer - Oracle PaaS & AI,"['java', 'continuous', 'apis', 'application', 'c', 'database', 'software', 'computer', 'j', 'algorithm', 'sql', 'technical']","['sexual', 'height', 'resource', 'government', 'diversity', 'analyst', 'natural', 'analytical', 'reimagining', 'paas', 'd', 'iti', 'omqs', 'diploma', 'workflow', 'vb', 'meaningful', 'robust', 'br', 'asp', 'r', 'almost', 'g', 'technology', 'false', 'acumen', 'pursuant', 'online', 'door', 'btn', 'annual', 'analysis', 'largest', 'nyse', 'relevant', 'visualization', 'personal', 'enthusiasm', 'june', 'ai', 'if', 'consistency', 'lazy', 'energy', 'width', 'inclusion', 'junit', 'no', 'genai', 'currentcolor', 'intelligence', 'professionalism', 'ever', 'military', 'system', 'complex', 'applicable', 'many', 'progression', 'such', 'analytics', 'assistance', 'preserveaspectratio', 'parity', 'less', 'relative', 'effectively', 'com', 'concept', 'identity', 'expertise', 'conviction', 'valuable', 'characteristic', 'icon', 'nonprofit', 'sector', 'c', 'flexible', 'clearly', 'xmlns', 'workplace', 'inside', 'senior', 'json', 'e', 'weblogic', 'variety', 'platform', 'kind', 'biggest', 'recognition', 'artificial', 'python', 'connection', 'veteran', 'orcl', 't', 'implementation', 'www', 'accommodation', 'springboot', 'html', 'jpa', 'git', 'retirement', 's', 'consideration', 'div', 'additional', 'without', 'either', 'ability', 'religion', 'aria', 'oracle', 'deep', 'planet', 'assistant', 'fresh', 'accessibility', 'feedback', 'svg', 'ethic', 'ml', 'origin', 'gender', 'li', 'critical', 'buddy', 'transcript', 'employer', 'closely', 'external', 'technique', 'org', 'option', 'u', 'tomorrow', 'xminymin', 'science', 'focusable', 'perspective']"
4173412573,https://eg.linkedin.com/jobs/view/graduate-associate-engineer-oracle-paas-ai-at-oracle-4173412573?position=17&pageNum=0&refId=RvqfN84G%2BE1ELah6YAArTg%3D%3D&trackingId=fdlwi%2F6df%2FAwA%2BREgDvYDQ%3D%3D,Graduate Associate Engineer - Oracle PaaS & AI,"['java', 'continuous', 'apis', 'application', 'c', 'database', 'software', 'computer', 'j', 'algorithm', 'sql', 'technical']","['sexual', 'height', 'resource', 'government', 'diversity', 'analyst', 'natural', 'analytical', 'reimagining', 'paas', 'd', 'iti', 'omqs', 'diploma', 'workflow', 'vb', 'meaningful', 'robust', 'br', 'asp', 'r', 'almost', 'g', 'technology', 'false', 'acumen', 'pursuant', 'online', 'door', 'btn', 'annual', 'analysis', 'largest', 'nyse', 'relevant', 'visualization', 'personal', 'enthusiasm', 'june', 'ai', 'if', 'consistency', 'lazy', 'energy', 'width', 'inclusion', 'junit', 'no', 'genai', 'currentcolor', 'intelligence', 'professionalism', 'ever', 'military', 'system', 'complex', 'applicable', 'many', 'progression', 'such', 'analytics', 'assistance', 'preserveaspectratio', 'parity', 'less', 'relative', 'effectively', 'com', 'concept', 'identity', 'expertise', 'conviction', 'valuable', 'characteristic', 'icon', 'nonprofit', 'sector', 'c', 'flexible', 'clearly', 'xmlns', 'workplace', 'inside', 'senior', 'json', 'e', 'weblogic', 'variety', 'platform', 'kind', 'biggest', 'recognition', 'artificial', 'python', 'connection', 'veteran', 'orcl', 't', 'implementation', 'www', 'accommodation', 'springboot', 'html', 'jpa', 'git', 'retirement', 's', 'consideration', 'div', 'additional', 'without', 'either', 'ability', 'religion', 'aria', 'oracle', 'deep', 'planet', 'assistant', 'fresh', 'accessibility', 'feedback', 'svg', 'ethic', 'ml', 'origin', 'gender', 'li', 'critical', 'buddy', 'transcript', 'employer', 'closely', 'external', 'technique', 'org', 'option', 'u', 'tomorrow', 'xminymin', 'science', 'focusable', 'perspective']"
4173408947,https://eg.linkedin.com/jobs/view/graduate-associate-engineer-oracle-paas-ai-at-oracle-4173408947?position=18&pageNum=0&refId=RvqfN84G%2BE1ELah6YAArTg%3D%3D&trackingId=j7kYUruHdiD%2BvZwHEDMRmA%3D%3D,Graduate Associate Engineer - Oracle PaaS & AI,"['java', 'continuous', 'apis', 'application', 'c', 'database', 'software', 'computer', 'j', 'algorithm', 'sql', 'technical']","['sexual', 'height', 'resource', 'government', 'diversity', 'analyst', 'natural', 'analytical', 'reimagining', 'paas', 'd', 'iti', 'omqs', 'diploma', 'workflow', 'vb', 'meaningful', 'robust', 'br', 'asp', 'r', 'almost', 'g', 'technology', 'false', 'acumen', 'pursuant', 'online', 'door', 'btn', 'annual', 'analysis', 'largest', 'nyse', 'relevant', 'visualization', 'personal', 'enthusiasm', 'june', 'ai', 'if', 'consistency', 'lazy', 'energy', 'width', 'inclusion', 'junit', 'no', 'genai', 'currentcolor', 'intelligence', 'professionalism', 'ever', 'military', 'system', 'complex', 'applicable', 'many', 'progression', 'such', 'analytics', 'assistance', 'preserveaspectratio', 'parity', 'less', 'relative', 'effectively', 'com', 'concept', 'identity', 'expertise', 'conviction', 'valuable', 'characteristic', 'icon', 'nonprofit', 'sector', 'c', 'flexible', 'clearly', 'xmlns', 'workplace', 'inside', 'senior', 'json', 'e', 'weblogic', 'variety', 'platform', 'kind', 'biggest', 'recognition', 'artificial', 'python', 'connection', 'veteran', 'orcl', 't', 'implementation', 'www', 'accommodation', 'springboot', 'html', 'jpa', 'git', 'retirement', 's', 'consideration', 'div', 'additional', 'without', 'either', 'ability', 'religion', 'aria', 'oracle', 'deep', 'planet', 'assistant', 'fresh', 'accessibility', 'feedback', 'svg', 'ethic', 'ml', 'origin', 'gender', 'li', 'critical', 'buddy', 'transcript', 'employer', 'closely', 'external', 'technique', 'org', 'option', 'u', 'tomorrow', 'xminymin', 'science', 'focusable', 'perspective']"
4225396708,https://eg.linkedin.com/jobs/view/backend-developer-at-ssc-hr-solutions-4225396708?position=42&pageNum=0&refId=RvqfN84G%2BE1ELah6YAArTg%3D%3D&trackingId=ZidSqbbDgW93g9DJm2cMOg%3D%3D,Backend developer,"['apis', 'developer', 'kubernetes', 'application', 'database', 'security', 'docker', 'pipeline', 'sql']","['familiar', 'scalability', 'xmlns', 'migration', 'height', 'lazy', 'svg', 'ml', 'essential', 'width', 'junit', 'no', 'currentcolor', 'd', 'server', 'li', 'responsible', 'robust', 'br', 'such', 'flyway', 'logic', 'backend', 'www', 'html', 'cicd', 'deployment', 'preserveaspectratio', 'closely', 'less', 'git', 'relative', 'false', 'org', 'div', 'common', 'icon', 'btn', 'module', 'infrastructure', 'xminymin', 'storage', 'schema', 'focusable', 'aria', 'element']"
4135265405,https://eg.linkedin.com/jobs/view/software-development-engineer-at-siemens-eda-siemens-digital-industries-software-4135265405?position=43&pageNum=0&refId=RvqfN84G%2BE1ELah6YAArTg%3D%3D&trackingId=Hv3scz3%2BFzP3IqBvPoDZyw%3D%3D,Software Development Engineer,"['digital', 'devops', 'developer', 'application', 'c', 'software', 'computer', 'algorithm']","['interdependency', 'xmlns', 'height', 'diversity', 'linux', 'idea', 'analytical', 'powerhouse', 'platform', 'd', 'verilog', 'investigation', 'suite', 'workflow', 'implementation', 'equality', 'failure', 'br', 'internal', 'www', 'overall', 'owner', 'unix', 'while', 'html', 'technology', 'breakdown', 'documentation', 's', 'false', 'proficiency', 'discus', 'div', 'btn', 'without', 'estimation', 'ability', 'aria', 'ha', 'usage', 'lazy', 'excellence', 'svg', 'dvt', 'ml', 'width', 'optimization', 'currentcolor', 'vhdl', 'siemens', 'memory', 'system', 'aptitude', 'complex', 'li', 'collection', 'functionality', 'curiosity', 'overseas', 'employer', 'preserveaspectratio', 'unlawfully', 'less', 'day', 'relative', 'org', 'icon', 'u', 'extensive', 'tomorrow', 'xminymin', 'comprehensive', 'science', 'focusable', 'generous', 'hdl']"
4143599542,https://eg.linkedin.com/jobs/view/software-development-engineer-at-siemens-digital-industries-software-4143599542?position=44&pageNum=0&refId=RvqfN84G%2BE1ELah6YAArTg%3D%3D&trackingId=V6GpUAp%2Fag0dM1IYCx47zw%3D%3D,Software Development Engineer,"['digital', 'integration', 'developer', 'application', 'c', 'software', 'fellow', 'computer', 'algorithm']","['electronics', 'xmlns', 'height', 'diversity', 'linux', 'idea', 'pex', 'powerhouse', 'd', 'verification', 'ic', 'equality', 'br', 'dependency', 'r', 'www', 'unix', 'semiconductor', 'html', 'physical', 'technology', 's', 'false', 'later', 'div', 'btn', 'ability', 'aria', 'ha', 'lazy', 'w', 'excellence', 'svg', 'parasitic', 'ml', 'width', 'qa', 'fabrication', 'currentcolor', 'sc', 'calibre', 'b', 'siemens', 'system', 'li', 'collection', 'functionality', 'curiosity', 'employer', 'amp', 'closely', 'preserveaspectratio', 'unlawfully', 'less', 'day', 'relative', 'stakeholder', 'org', 'icon', 'extraction', 'supportability', 'u', 'tomorrow', 'xminymin', 'comprehensive', 'focusable', 'generous']"
4225521658,https://eg.linkedin.com/jobs/view/mysql-database-developer-at-m%C3%BCller-s-solutions-4225521658?position=45&pageNum=0&refId=RvqfN84G%2BE1ELah6YAArTg%3D%3D&trackingId=1J%2Fb%2FU6qRG15bYD%2F2B7xrw%3D%3D,MySql Database Developer,"['integration', 'developer', 'application', 'database', 'software', 'computer', 'security', 'sql', 'technical', 'mysql']","['xmlns', 'lazy', 'procedure', 'migration', 'height', 'svg', 'ml', 'analytical', 'width', 'optimization', 'currentcolor', 'd', 'efficient', 'system', 'li', 'specific', 'responsible', 'architecture', 'br', 'collaboratively', 'www', 'html', 'deployment', 'normalization', 'preserveaspectratio', 'less', 'technology', 'closely', 'relative', 's', 'false', 'proficiency', 'expertise', 'org', 'div', 'icon', 'btn', 'latest', 'crucial', 'xminymin', 'schema', 'science', 'ability', 'focusable', 'aria']"
4218287908,https://eg.linkedin.com/jobs/view/unix-engineer-senior-engineer-at-abu-dhabi-islamic-bank-egypt-4218287908?position=46&pageNum=0&refId=RvqfN84G%2BE1ELah6YAArTg%3D%3D&trackingId=N1wGfZSRiPBApS6%2BK8lGdA%3D%3D,Unix Engineer/ Senior Engineer,"['security', 'technical', 'computer']","['personal', 'baseline', 'accurate', 'xmlns', 'lazy', 'height', 'svg', 'ml', 'senior', 'width', 'ldoms', 'currentcolor', 'quickly', 'p', 'd', 'efficiently', 'vmware', 'system', 'server', 'li', 'aspect', 'template', 'implementation', 'able', 'br', 'architecture', 'installation', 'lpars', 'outage', 'www', 'unix', 'virtualization', 'html', 'preserveaspectratio', 'less', 'technology', 'experiebce', 'relative', 's', 'min', 'false', 'smoothly', 'org', 'div', 'timely', 'generic', 'icon', 'btn', 'u', 'yr', 'infrastructure', 'xminymin', 'self', 'science', 'focusable', 'aria', 'relevant']"
4225526356,https://eg.linkedin.com/jobs/view/junior-oracle-apex-developer-at-700apps-4225526356?position=50&pageNum=0&refId=RvqfN84G%2BE1ELah6YAArTg%3D%3D&trackingId=Co4JqLc%2FaQmka6It2udo3A%3D%3D,Junior Oracle Apex Developer,"['application', 'database', 'javascript', 'computer', 'sql', 'technical', 'developer']","['xmlns', 'lazy', 'height', 'svg', 'ml', 'senior', 'width', 'manual', 'currentcolor', 'd', 'li', 'implementation', 'willingness', 'br', 'functionality', 'www', 'principle', 'pl', 'while', 'html', 'closely', 'preserveaspectratio', 'less', 'technology', 'relative', 'entry', 's', 'false', 'concept', 'org', 'div', 'icon', 'btn', 'c', 'xminymin', 'science', 'ability', 'focusable', 'aria', 'oracle']"
4223556272,https://eg.linkedin.com/jobs/view/front-end-web-developer-at-swyt-solutions-4223556272?position=51&pageNum=0&refId=RvqfN84G%2BE1ELah6YAArTg%3D%3D&trackingId=NGXjQJUi5r7BRgGgeCY1qQ%3D%3D,Front-End Web Developer,"['application', 'javascript', 'typescript', 'ui', 'cybersecurity', 'tailwind', 'developer']","['onboard', 'responsiveness', 'whatsapp', 'xmlns', 'height', 'offboard', 'device', 'pixel', 'p', 'platform', 'd', 'meticulous', 'remix', 'compatibility', 'workflow', 'br', 'prettier', 'webflow', 'www', 'html', 'git', 'documentation', 'skilled', 's', 'false', 'regularly', 'seo', 'proficiency', 'cm', 'div', 'governance', 'btn', 'ability', 'aria', 'accessibility', 'proactively', 'mdm', 'lazy', 'organizational', 'svg', 'ml', 'width', 'component', 'currentcolor', 'intelligence', 'prototype', 'smartphones', 'complex', 'li', 'helpdesk', 'laptop', 'responsive', 'figma', 'equipment', 'closely', 'preserveaspectratio', 'less', 'relative', 'effectively', 'org', 'swyt', 'animation', 'icon', 'material', 'c', 'xminymin', 'website', 'eslint', 'crm', 'focusable']"
